{"train_loss": [12.90805435180664], "val_loss": [12.829935073852539]}